time_ps,counts
0,4
250,9
500,34
750,155
1000,409
1250,505
1500,541
1750,450
2000,382
2250,410
2500,360
2750,320
3000,310
3250,295
3500,282
3750,234
4000,238
4250,197
4500,172
4750,181
5000,172
5250,150
5500,120
5750,125
6000,125
6250,108
6500,92
6750,89
7000,81
7250,70
7500,65
7750,69
8000,67
8250,54
8500,43
8750,36
9000,43
9250,40
9500,41
9750,32
10000,34
10250,21
10500,31
10750,29
11000,20
11250,29
11500,16
11750,20
12000,20
12250,18
12500,17
12750,13
13000,13
13250,8
13500,12
13750,16
14000,8
14250,8
14500,9
14750,9
15000,5
15250,12
15500,5
15750,8
16000,4
16250,7
16500,8
16750,3
17000,7
17250,4
17500,8
17750,4
18000,2
18250,4
18500,2
18750,0
19000,1
19250,1
19500,4
19750,1
20000,1
