time_ns,irf
0,0.0045208726185902923
0.25,0.131390064883393
0.5,1.4581612994701463
0.75,6.1794723296464475
1,10
1.25,6.1794723296464475
1.5,1.4581612994701463
1.75,0.131390064883393
2,0.0045208726185902923
2.25,5.9399774668613171e-05
2.5,2.9802322387695408e-07
2.75,5.7097645922850289e-10
3,4.1772366679299685e-13
3.25,1.1669782019242901e-16
3.5,1.2449135386735014e-20
3.75,5.0712896924355331e-25
4,7.8886090522102161e-30
4.25,4.6858160015007397e-35
4.5,1.0628520447880256e-40
4.75,9.2058348074320228e-47
5,3.0447828615984975e-53
5.25,3.8454950716511478e-60
5.5,1.8546030753437235e-67
5.75,3.4154857357037093e-75
6,2.4019101644019406e-83
6.25,6.4500610892413435e-92
6.5,6.6141445128222871e-101
6.75,2.5899197956556649e-110
7,3.8725919148495123e-120
7.25,2.2111588195777106e-130
7.5,4.8210421045539025e-141
7.75,4.0138828701486413e-152
8,1.2761192195803938e-163
8.25,1.5492467291262676e-175
8.5,7.1821208748313487e-188
8.75,1.2714158344498203e-200
9,8.5945928074975274e-214
9.25,2.2185324177288635e-227
9.5,2.1867998549616227e-241
9.75,8.2310469234482926e-256
10,1.1830521861668073e-270
10.25,6.4931511269483103e-286
10.5,1.3608488907050274e-301
10.75,1.0890985470666102e-317
11,0
11.25,0
11.5,0
11.75,0
12,0
12.25,0
12.5,0
12.75,0
13,0
13.25,0
13.5,0
13.75,0
14,0
14.25,0
14.5,0
14.75,0
15,0
15.25,0
15.5,0
15.75,0
16,0
16.25,0
16.5,0
16.75,0
17,0
17.25,0
17.5,0
17.75,0
18,0
18.25,0
18.5,0
18.75,0
19,0
19.25,0
19.5,0
19.75,0
20,0
