time_ns,expected_counts,measured_counts,lifetime_true_ns,fitted_counts,residual_counts,reduced_residual
0.0,10005.0,10090,2.5,10007.576872077248,82.42312792275152,0.8239192018108831
0.0391389432485322,9849.663342233163,9971,2.5,9851.849518321671,119.15048167832902,1.200430213398012
0.0782778864970645,9696.739632190944,9542,2.5,9698.546878453382,-156.5468784533823,-1.589611798439142
0.1174168297455968,9546.191387949852,9624,2.5,9547.631199070083,76.36880092991669,0.7815704919276312
0.1565557729941291,9397.981709818068,9271,2.5,9399.065314599404,-128.0653145994038,-1.3209585400023809
0.1956947162426614,9252.07427129125,9216,2.5,9252.812638146235,-36.81263814623526,-0.3827014060487018
0.2348336594911937,9108.43331014884,9148,2.5,9108.837152482593,39.1628475174075,0.41033899718959893
0.273972602739726,8967.023619688662,8952,2.5,8967.103401177741,-15.103401177741034,-0.15949558632606506
0.3131115459882583,8827.810540097673,8842,2.5,8827.576479866457,14.423520133543207,0.15351489527256312
0.3522504892367906,8690.759949956795,8790,2.5,8690.222027653215,99.77797234678474,1.0703337943131577
0.3913894324853229,8555.838257877662,8629,2.5,8555.006218650242,73.99378134975814,0.7999909188986349
0.4305283757338551,8423.012394269312,8502,2.5,8421.895753647303,80.10424635269737,0.8728720917910786
0.4696673189823874,8292.24980323275,8284,2.5,8290.857851911205,-6.857851911205216,-0.07531619446773197
0.5088062622309197,8163.518434581445,8059,2.5,8161.8602431129775,-102.86024311297751,-1.138552259353335
0.547945205479452,8036.7867359857455,7991,2.5,8034.871159380751,-43.87115938075112,-0.48942894832164757
0.5870841487279843,7912.023645239343,7904,2.5,7909.859327476376,-5.859327476376166,-0.06588148675173808
0.6262230919765166,7789.19858264586,7675,2.5,7786.793961093849,-111.79396109384925,-1.266890275862358
0.6653620352250489,7668.281443523705,7594,2.5,7665.64475327766,-71.64475327766013,-0.8182952815149275
0.7045009784735812,7549.242590827346,7534,2.5,7546.381868959186,-12.38186895918625,-0.14253345562809416
0.7436399217221135,7432.052847883212,7483,2.5,7428.97593760929,54.02406239071024,0.6267910152371972
0.7827788649706457,7316.683491238428,7410,2.5,7313.398046005326,96.60195399467375,1.1296042180362955
0.821917808219178,7203.106243620636,7176,2.5,7199.619731110766,-23.619731110766224,-0.27836855176887915
0.8610567514677103,7091.293267007173,7136,2.5,7087.612973065688,48.387026934312416,0.5747499487034231
0.9001956947162426,6981.217155801919,6902,2.5,6977.350188286399,-75.35018828639932,-0.9020675944132911
0.9393346379647748,6872.850930118127,6947,2.5,6868.804222672517,78.19577732748257,0.9435017981064021
0.9784735812133072,6766.168029165585,6816,2.5,6761.948344919797,54.05165508020309,0.6573142875580592
1.0176125244618397,6661.142304740529,6652,2.5,6656.756239937094,-4.756239937093596,-0.05829515055208699
1.0567514677103718,6557.748014816645,6458,2.5,6553.202002365823,-95.20200236582332,-1.176032449937283
1.095890410958904,6455.959817235656,6495,2.5,6451.260130200316,43.73986979968413,0.5445718761844961
1.1350293542074363,6355.7527634959015,6370,2.5,6350.905518507519,19.094481492480554,0.23960178201263693
1.1741682974559686,6257.102292637406,6288,2.5,6252.113453244471,35.8865467555288,0.453856170604731
1.213307240704501,6159.984225221939,6173,2.5,6154.859605172046,18.14039482795397,0.2312265289462441
1.2524461839530332,6064.374757406582,5995,2.5,6059.120023863467,-64.1200238634674,-0.8237376142768468
1.2915851272015657,5970.250455109354,6063,2.5,5964.871131806092,98.12886819390769,1.2705631549618117
1.3307240704500978,5877.588248265476,5719,2.5,5872.089718595061,-153.08971859506073,-1.9977893034972438
1.36986301369863,5786.365425172839,5740,2.5,5780.7529352173215,-40.752935217321465,-0.5360023452632336
1.4090019569471623,5696.559626925331,5709,2.5,5690.83828842468,18.161711575319714,0.24075130615353355
1.4481409001956946,5608.148841932606,5644,2.5,5602.323635194447,41.67636480555302,0.5568083432022637
1.487279843444227,5521.111400525014,5596,2.5,5515.1871772763425,80.81282272365752,1.0881785186551916
1.5264187866927592,5435.425969642304,5484,2.5,5429.407455824296,54.59254417570355,0.7408957724511803
1.5655577299412915,5351.071547604857,5269,2.5,5344.96334611185,-75.96334611185011,-1.0390386940287888
1.6046966731898238,5268.027458966125,5183,2.5,5261.83405232982,-78.83405232982022,-1.0867891092984268
1.643835616438356,5186.273349445037,5175,2.5,5179.999102464982,-4.999102464981661,-0.06945878723837819
1.6829745596868884,5105.789180937119,5064,2.5,5099.43834325848,-35.43834325848002,-0.4962633899494488
1.7221135029354206,5026.555226603119,4998,2.5,5020.131935242746,-22.131935242746295,-0.31236461113383945
1.761252446183953,4948.552066033907,4852,2.5,4942.0603478556895,-90.06034785568954,-1.2810898724657687
1.8003913894324852,4871.760580490502,4983,2.5,4865.204354630962,117.79564536903763,1.6888018361907762
1.8395303326810173,4796.161948218025,4856,2.5,4789.545028463109,66.45497153689121,0.9602412225731397
1.8786692759295496,4721.737639832441,4712,2.5,4715.063736946444,-3.063736946443896,-0.04461775249094191
1.917808219178082,4648.46941377898,4543,2.5,4641.742137786506,-98.74213778650574,-1.4493124412391316
1.9569471624266144,4576.339311861085,4568,2.5,4569.562174282949,-1.562174282948945,-0.023109587240341078
1.9960861056751469,4505.32965483882,4467,2.5,4498.506070882774,-31.50607088277411,-0.46974275472229476
2.035225048923679,4435.423038095656,4365,2.5,4428.5563288027915,-63.55632880279154,-0.9550535355133585
2.074363992172211,4366.602327372559,4419,2.5,4359.695721720248,59.304278279752,0.8981687390919999
2.1135029354207435,4298.850654568348,4286,2.5,4291.907291530546,-5.90729153054599,-0.09017024259088831
2.152641878669276,4232.151413605288,4248,2.5,4225.174344171023,22.825655828976778,0.35115669068359917
2.191780821917808,4166.488256358909,4059,2.5,4159.480445509756,-100.48044550975555,-1.557980467168161
2.23091976516634,4101.845088651036,3939,2.5,4094.8094172983665,-155.8094172983665,-2.4348760432344125
2.2700587084148727,4038.206066305083,4007,2.5,4031.1453331878533,-24.14533318785334,-0.3802935633097958
2.309197651663405,3975.555591262606,3882,2.5,3968.472514806459,-86.472514806459,-1.372670817990019
2.348336594911937,3913.878307760191,3928,2.5,3906.7755278986,21.224472101399897,0.33956871242812864
2.3874755381604693,3853.159098565716,3869,2.5,3846.0391785239135,22.960821476086494,0.3702376408023542
2.426614481409002,3793.383081273091,3950,2.5,3786.2485093154946,163.75149068450537,2.6612195457594074
2.4657534246575343,3734.535604654552,3788,2.5,3727.3887957963866,60.6112042036134,0.9927743886282921
2.5048923679060664,3676.602245069607,3674,2.5,3669.4455427534235,4.554457246576476,0.07518590060218436
2.5440313111545985,3619.5688029297744,3739,2.5,3612.404480667538,126.59551933246212,2.106299615998904
2.583170254403131,3563.421299218236,3559,2.5,3556.2515621996477,2.748437800352349,0.0460881924472206
2.6223091976516635,3508.145972063548,3479,2.5,3500.9729587312568,-21.972958731256767,-0.3713591780642378
2.6614481409001955,3453.7292733665768,3444,2.5,3446.555056958923,-2.55505695892316,-0.04352191294147369
2.700587084148728,3400.1578654798354,3462,2.5,3392.9844555417444,69.01554445825559,1.1848298401991582
2.73972602739726,3347.418617938393,3276,2.5,3340.2479618010534,-64.2479618010534,-1.111654936415467
2.7788649706457926,3295.498604241573,3212,2.5,3288.332588471492,-76.33258847149182,-1.3311350577971195
2.8180039138943247,3244.3850986846405,3207,2.5,3237.225550502677,-30.225550502676924,-0.5312362957235066
2.8571428571428568,3194.0655732397045,3233,2.5,3186.914261910658,46.08573808934216,0.8163593241969674
2.8962818003913893,3144.5276944850707,3063,2.5,3137.3863326784076,-74.3863326784076,-1.328033859482276
2.935420743639922,3095.7593205822977,3049,2.5,3088.629565704566,-39.629565704566176,-0.7130769541935187
2.974559686888454,3047.7484983002023,3056,2.5,3040.6319537996947,15.368046200305344,0.27869984673029957
3.013698630136986,3000.483460085101,3060,2.5,2993.381676729299,66.61832327070078,1.2176224580351025
3.0528375733855184,2953.952621176556,2925,2.5,2946.8670983028983,-21.867098302898285,-0.40281986758025057
3.091976516634051,2908.144576767924,2875,2.5,2901.0767635084085,-26.076763508408476,-0.4841434694740331
3.131115459882583,2863.0480992110192,2823,2.5,2855.9993956911544,-32.999395691154405,-0.6174857380488994
3.170254403131115,2818.652135264189,2760,2.5,2811.6238937767935,-51.623893776793466,-0.9735811255186054
3.209393346379648,2774.945803383143,2765,2.5,2767.9393295374916,-2.9393295374916306,-0.055868883918148336
3.24853228962818,2731.918391053862,2807,2.5,2724.9349449006613,82.06505509933868,1.5721001032690063
3.287671232876712,2689.55935216694,2764,2.5,2682.6001492995942,81.39985070040575,1.5716130853467851
3.326810176125244,2647.858304432708,2651,2.5,2640.92451706536,10.07548293464015,0.1960594940569867
3.3659491193737767,2606.8050268365173,2650,2.5,2599.8977848593026,50.10221514069735,0.9826045945359282
3.405088062622309,2566.389457133544,2548,2.5,2559.5098491455187,-11.509849145518729,-0.2275051483543082
3.4442270058708413,2526.60168938251,2564,2.5,2519.7507637026883,44.249236297311654,0.881509479235287
3.4833659491193734,2487.4319715177216,2586,2.5,2480.610737174649,105.38926282535112,2.1160067908463924
3.522504892367906,2448.8707029588118,2382,2.5,2442.080130659103,-60.080130659102906,-1.2157685744540283
3.5616438356164384,2410.90843225762,2354,2.5,2404.149455333877,-50.149455333877086,-1.0227876830997518
3.6007827788649704,2373.5358547816254,2387,2.5,2366.8093701201337,20.190629879866265,0.4150192370723343
3.6399217221135034,2336.743810433356,2290,2.5,2330.05067938197,-40.050679381969985,-0.8297116801524359
3.679060665362035,2300.523281405234,2301,2.5,2293.8643306618405,7.13566933815946,0.14898784993340547
3.718199608610568,2264.865389969289,2204,2.5,2258.241412451225,-54.24141245122519,-1.1414208630436053
3.7573385518591,2229.761396301211,2166,2.5,2223.1731519960276,-57.17315199602763,-1.2125662923820484
3.796477495107632,2195.2026963382,2222,2.5,2188.650913136125,33.34908686387507,0.712845968972398
3.835616438356164,2161.180819670091,2117,2.5,2154.6661941785724,-37.66619417857237,-0.8114499579106274
3.8747553816046967,2127.68742746324,2157,2.5,2121.2106258039116,35.789374196088374,0.7770736945676086
3.9138943248532287,2094.7143104166576,2036,2.5,2088.2759690050843,-52.275969005084335,-1.1439529072958994
3.953033268101761,2062.253386749893,2145,2.5,2055.854113058435,89.1458869415651,1.9660980103959258
3.992172211350293,2030.2967002221687,2004,2.5,2023.9370735263046,-19.93707352630463,-0.44316240203618723
4.031311154598826,1998.8364181822976,2020,2.5,1992.5169902907294,27.48300970927062,0.6156916654325373
4.070450097847358,1967.864829648874,1940,2.5,1961.5861256177498,-21.586125617749758,-0.4873837100109671
4.10958904109589,1937.374343420301,1954,2.5,1931.1368622518607,22.863137748139252,0.520270625117056
4.148727984344422,1907.357486214172,1853,2.5,1901.1617015401328,-48.16170154013275,-1.1045675835436697
4.187866927592955,1877.8069008355487,1960,2.5,1871.6532615855388,88.34673841446124,2.0421038455130684
4.227005870841487,1848.7153443737031,1845,2.5,1842.6042754290402,2.3957245709598283,0.055811134385479154
4.266144814090019,1820.0756864268587,1866,2.5,1814.007589259966,51.992410740034074,1.2207322131581178
4.305283757338552,1791.880907354519,1757,2.5,1785.8561606542694,-28.856160654269388,-0.6828342696172652
4.344422700587084,1764.124096556937,1777,2.5,1758.1430568402118,18.856943159788216,0.44972205554605915
4.383561643835616,1736.7984507813112,1749,2.5,1730.8614529910433,18.13854700895672,0.43598479334672763
4.422700587084148,1709.8972724542955,1695,2.5,1704.0046305442763,-9.004630544276324,-0.21813759131240257
4.46183953033268,1683.4139680404114,1701,2.5,1677.5659755471236,23.43402445287643,0.572146274207665
4.500978473581213,1657.342046425954,1652,2.5,1651.538977027698,0.46102297230208933,0.011344311744825369
4.540117416829745,1631.675117328012,1599,2.5,1625.9172253915758,-26.917225391575812,-0.6675458111286581
4.579256360078277,1606.406889728191,1647,2.5,1600.6944108433224,46.30558915667757,1.1573885989141943
4.61839530332681,1581.5311703306745,1505,2.5,1575.864321832598,-70.86432183259808,-1.7851233214126243
4.657534246575342,1557.0418620442342,1509,2.5,1551.4208435244577,-42.42084352445772,-1.076996988923644
4.6966731898238745,1532.9329624878171,1511,2.5,1527.357956293466,-16.35795629346603,-0.4185608725777329
4.735812133072407,1509.1985625193536,1577,2.5,1503.669734241264,73.330265758736,1.8910674950975321
4.774951076320939,1485.8328447874103,1461,2.5,1480.350343737213,-19.350343737213052,-0.5029287116703732
4.814090019569472,1462.8300823053469,1409,2.5,1457.3940419817643,-48.3940419817643,-1.2676617959967935
4.853228962818004,1440.18463704762,1359,2.5,1434.7951755921963,-75.7951755921963,-2.0009977926314115
4.892367906066536,1417.8909585678914,1336,2.5,1412.5481792103717,-76.5481792103717,-2.0367289201122993
4.931506849315069,1395.9435826385993,1416,2.5,1390.6475741321715,25.352425867828515,0.679846678715972
4.970645792563601,1374.3371299116689,1354,2.5,1369.0879669582735,-15.087966958273455,-0.4077697900731672
5.009784735812133,1353.0663046000177,1402,2.5,1347.8640482659328,54.13595173406725,1.4745609601809568
5.048923679060665,1332.125893179552,1242,2.5,1326.9705913014438,-84.97059130144385,-2.3325877550787557
5.088062622309197,1311.5107631113185,1282,2.5,1306.4024506929684,-24.402450692968387,-0.6751417276289559
5.12720156555773,1291.2158615835071,1298,2.5,1286.1545611833924,11.845438816607611,0.33029695713128965
5.166340508806262,1271.2362142729996,1190,2.5,1266.221936382927,-76.22193638292697,-2.1420275934409796
5.205479452054794,1251.5669241261498,1254,2.5,1246.5996675411177,7.400332458882303,0.2095982862694236
5.244618395303327,1232.2031701585056,1271,2.5,1227.282922337984,43.71707766201598,1.2478971062097617
5.283757338551859,1213.140206273177,1275,2.5,1208.2669436939796,66.73305630602044,1.9198158307705246
5.322896281800391,1194.373360097556,1234,2.5,1189.5470485984752,44.45295140152484,1.288871999535502
5.362035225048923,1175.898031838109,1206,2.5,1171.1186269564912,34.8813730435088,1.019279119477873
5.401174168297455,1157.7096931529593,1187,2.5,1152.9771404533792,34.02285954662079,1.0019832553950978
5.440313111545988,1139.803886041978,1143,2.5,1135.1181214371882,7.881878562811835,0.23394254537176457
5.47945205479452,1122.1762217541198,1163,2.5,1117.5371718184258,45.462828181574196,1.359957887731263
5.518590998043052,1104.8223797117332,1094,2.5,1100.2299619869534,-6.229961986953413,-0.18782078999686658
5.557729941291585,1087.7381064515744,1064,2.5,1083.192229745747,-19.192229745747,-0.5831397762277322
5.596868884540117,1070.9192145822765,1069,2.5,1066.4197792612583,2.580220738741673,0.07901194738185367
5.636007827788649,1054.36158175801,1027,2.5,1049.9084800301157,-22.908480030115697,-0.7070018547127647
5.6751467710371815,1038.061149668089,1026,2.5,1033.654265861921,-7.654265861920976,-0.23807615076369334
5.7142857142857135,1022.0139230422684,1011,2.5,1017.6531338778775,-6.653133877877508,-0.20855777046142915
5.753424657534247,1006.215968671496,987,2.5,1001.9011435250138,-14.901143525013822,-0.47076824628755337
5.7925636007827785,990.6634144438744,1043,2.5,986.3944156057564,56.60558439424358,1.802328606895461
5.831702544031311,975.3524483955983,960,2.5,971.1291313226071,-11.129131322607122,-0.35712707443012764
5.870841487279844,960.2793177766346,997,2.5,956.1015313377012,40.8984686622988,1.3226807725898293
5.909980430528376,945.440328130914,975,2.5,941.3079148470067,33.692085152993286,1.0981509318869116
5.949119373776908,930.8318423908138,943,2.5,926.7446386689368,16.255361331063227,0.5339696664501911
5.98825831702544,916.4502799857036,938,2.5,912.4081163471533,25.591883652846718,0.8472424018233885
6.027397260273972,902.292115964341,920,2.5,898.2948172673422,21.705182732657818,0.7241924610609725
6.066536203522505,888.3538801308977,850,2.5,884.4012657877371,-34.40126578773709,-1.1567772660084452
6.105675146771037,874.6321561944077,828,2.5,870.7240403831852,-42.724040383185184,-1.4478782667516163
6.144814090019569,861.123580931427,812,2.5,857.2597728025369,-45.25977280253687,-1.5458101233924972
6.183953033268102,847.8248433617007,876,2.5,844.0051472391549,31.994852760845106,1.1013048918185662
6.223091976516634,834.7326839366342,860,2.5,830.9568995143438,29.04310048565617,1.0075201215900826
6.262230919765166,821.843893740372,884,2.5,818.1118162734859,65.88818372651406,2.303568882426361
6.301369863013698,809.1553137032842,816,2.5,805.4667341946995,10.533265805300516,0.3711412612710124
6.34050880626223,796.6638338276731,806,2.5,793.0185392098177,12.981460790182268,0.4609798006107364
6.379647749510763,784.3663924255061,789,2.5,780.7641657374929,8.235834262507069,0.29474582492774165
6.418786692759295,772.2599753679885,770,2.5,768.7005959282493,1.2994040717507005,0.04686683376992565
6.457925636007827,760.3416153467958,783,2.5,756.82485892128,26.175141078720003,0.9514617566627614
6.49706457925636,748.6083911467783,748,2.5,745.1340301128267,2.8659698871732644,0.10499156853009624
6.536203522504892,737.0574269299669,788,2.5,733.6252304359434,54.37476956405658,2.007521938414131
6.575342465753424,725.6858915306979,688,2.5,722.2956256514765,-34.295625651476485,-1.276089801199537
6.614481409001956,714.4909977616886,727,2.5,711.1424256500867,15.857574349913307,0.5946459453305201
6.653620352250488,703.4700017308927,726,2.5,700.1628837651348,25.83711623486522,0.9764376046200419
6.692759295499021,692.6202021689655,680,2.5,689.3542960962692,-9.354296096269195,-0.35627870862328226
6.731898238747553,681.9389397671771,703,2.5,678.7140008435445,24.285999156455546,0.9322074545872582
6.7710371819960855,671.4235965256113,661,2.5,668.2393776519053,-7.239377651905329,-0.28004975741689986
6.8101761252446185,661.0715951114869,632,2.5,657.9278469658817,-25.927846965881713,-1.0108281328706454
6.849315068493151,650.8803982274494,701,2.5,647.776869394328,53.223130605672054,2.0911620951240457
6.888454011741683,640.8475079896729,632,2.5,637.7839450850546,-5.783945085054597,-0.22902736140759397
6.927592954990215,630.9704653156241,635,2.5,627.9466131091956,7.053386890804404,0.2814727428214407
6.966731898238747,621.2468493213361,643,2.5,618.2624508551647,24.73754914483527,0.9948789326518609
7.00587084148728,611.6742767280441,603,2.5,608.7290734320437,-5.7290734320437195,-0.23220542748490794
7.045009784735812,602.2504012780395,568,2.5,599.3441330822636,-31.344133082263625,-1.2803188316638578
7.084148727984344,592.9729131595963,603,2.5,590.1053186034287,12.894681396571286,0.5308182569129287
7.123287671232877,583.839538440832,590,2.5,581.0103547791425,8.989645220857483,0.3729500041085048
7.162426614481409,574.8480385123623,600,2.5,572.0570018186983,27.942998181301732,1.168297237216592
7.201565557729941,565.9962095386126,563,2.5,563.243054805491,-0.24305480549105596,-0.010241328326454125
7.240704500978473,557.2818819176533,543,2.5,554.5663431540191,-11.566343154019137,-0.4911558471969298
7.279843444227005,548.7029197494267,569,2.5,546.0247300753413,22.975269924658733,0.9832285167326896
7.318982387475538,540.2572203122321,525,2.5,537.6161120508539,-12.616112050853872,-0.5441133726253349
7.35812133072407,531.9427135473451,543,2.5,529.3384183142657,13.66158168573429,0.5937919088990745
7.397260273972602,523.7573615516419,487,2.5,521.1896103416351,-34.1896103416351,-1.4976015343255957
7.436399217221135,515.6991580781046,488,2.5,513.1676813493474,-25.16768134934739,-1.1109987186157795
7.475538160469667,507.7661280440855,486,2.5,505.27065579991313,-19.27065579991313,-0.8573032221019119
7.514677103718199,499.9563270472114,510,2.5,497.49658891545437,12.503411084545633,0.560574652502878
7.553816046966731,492.2678408888051,499,2.5,489.84356619877275,9.156433801227251,0.41371155962054673
7.592954990215263,484.69878510471216,467,2.5,482.30970296187,-15.309702961870016,-0.6971139364973071
7.632093933463796,477.2473045034144,432,2.5,474.89314386181223,-42.893143861812234,-1.9682938218426516
7.671232876712328,469.91157271131857,509,2.5,467.59206244381966,41.40793755618034,1.9149173524014027
7.71037181996086,462.6897917251086,475,2.5,460.40466069147004,14.595339308529958,0.6802120796097034
7.749510763209393,455.58019147105085,400,2.5,453.3291685839077,-53.32916858390769,-2.504713064656192
7.788649706457925,448.5810293711454,420,2.5,446.36384365994473,-26.363843659944735,-1.2478552865253563
7.8277886497064575,441.6905899160168,457,2.5,439.50697058894974,17.49302941105026,0.8344150768023402
7.86692759295499,434.9071842444385,460,2.5,432.7568607484193,27.243139251580715,1.3095894549682716
7.906066536203522,428.2291497293903,443,2.5,426.1118518081246,16.888148191875416,0.8181260557406456
7.945205479452055,421.654849570544,407,2.5,419.57030732073497,-12.570307320734969,-0.6136821942143378
7.984344422700587,415.1826723930808,371,2.5,413.1306163188146,-42.13061631881459,-2.0727843545202296
8.023483365949119,408.8110318527397,421,2.5,406.7911929180937,14.208807081906286,0.7044851562648848
8.062622309197652,402.53836624700153,370,2.5,400.5504759269175,-30.5504759269175,-1.5264737986217034
8.101761252446183,396.3631381323119,414,2.5,394.4069284617768,19.593071538223228,0.9865753413696797
8.140900195694716,390.2838339472504,394,2.5,388.3590375688224,5.640962431177627,0.28624407060412116
8.180039138943249,384.2989636415544,427,2.5,382.40531385127616,44.59468614872384,2.2804531397253136
8.21917808219178,378.4070603109041,383,2.5,376.5442911026406,6.455708897359386,0.3326870568826217
8.258317025440313,372.6066798373806,381,2.5,370.7745259456201,10.225474054379902,0.5310415552127039
8.297455968688844,366.89640053551057,344,2.5,365.09459747666534,-21.094597476665342,-1.1039986426286226
8.336594911937377,361.27482280380696,356,2.5,359.50310691605057,-3.5031069160505695,-0.18475749628368424
8.37573385518591,355.7405687817254,330,2.5,353.9986772634007,-23.99867726340068,-1.275517688645744
8.414872798434441,350.2922820119463,338,2.5,348.57995295858206,-10.579952958582055,-0.5666730165968961
8.454011741682974,344.9286271079043,341,2.5,343.2455995478702,-2.2455995478701993,-0.12120759193554442
8.493150684931507,339.64828942648296,347,2.5,337.99430335532014,9.005696644679858,0.4898494484935503
8.532289628180038,334.4499747457932,330,2.5,332.8247711592507,-2.8247711592507017,-0.1548372500105129
8.571428571428571,329.33240894795523,334,2.5,327.7357298737646,6.264270126235374,0.3460258797852453
8.610567514677104,324.2943377068109,323,2.5,322.7259262352324,0.2740737647675928,0.015256346278847066
8.649706457925635,319.33452618048585,323,2.5,317.79412649365213,5.205873506347871,0.29202543408667553
8.688845401174168,314.451758708726,325,2.5,312.9391161088183,12.060883891181675,0.6817877766880155
8.7279843444227,309.6448385149378,317,2.5,308.1596994512211,8.840300548778885,0.5035923327282691
8.767123287671232,304.9125874128549,321,2.5,303.4546995076005,17.54530049239952,1.007195732049622
8.806262230919765,300.25384551776307,297,2.5,298.82295759108865,-1.8229575910886524,-0.10545558507083463
8.845401174168297,295.6674709622097,289,2.5,294.263333055862,-5.263333055862006,-0.3068264374243466
8.88454011741683,291.1523396161288,303,2.5,289.77470301623777,13.225296983762235,0.7769180268595197
8.92367906066536,286.707344811316,316,2.5,285.3559620701447,30.6440379298553,1.8140636278806128
8.962818003913894,282.3313970701799,283,2.5,281.00602202689834,1.9939779731016642,0.1189494786695161
9.001956947162427,278.023423838711,269,2.5,276.72381163921585,-7.723811639215853,-0.46431039688513426
9.041095890410958,273.78236922359474,273,2.5,272.50827633940276,0.4917236605972448,0.029787308111231005
9.08023483365949,269.6071937334101,240,2.5,268.35837797964734,-28.358377979647344,-1.7311065820698628
9.119373776908024,265.496874023849,231,2.5,264.27309457635954,-33.27309457635954,-2.0467590500017843
9.158512720156557,261.4504026468918,253,2.5,260.25142005848954,-7.251420058489543,-0.4494967019834025
9.197651663405088,257.466787803879,249,2.5,256.2923640197659,-7.292364019765898,-0.4555127170019369
9.23679060665362,253.54505310242052,273,2.5,252.39495147479033,20.605048525209668,1.296980091568186
9.275929549902152,249.6842373170796,231,2.5,248.5582226189317,-17.558222618931694,-1.1136955484309208
9.315068493150685,245.88339415377337,224,2.5,244.78123259195698,-20.78123259195698,-1.3282574011640491
9.354207436399216,242.1415920178356,255,2.5,241.06305124534384,13.936948754656157,0.897640375016617
9.393346379647747,238.45791378567975,247,2.5,237.40276291321518,9.597237086784816,0.6228784979559846
9.432485322896282,234.83145658001112,230,2.5,233.79946618684045,-3.799466186840448,-0.2484853712970179
9.471624266144811,231.26133154852891,232,2.5,230.25227369264996,1.7477263073500353,0.115178510979707
9.510763209393346,227.7466636460667,211,2.5,226.76031187370097,-15.76031187370097,-1.0466013352712054
9.549902152641875,224.28659142011745,206,2.5,223.32272077455264,-17.322720774552636,-1.1591767183264978
9.58904109589041,220.88026679968905,216,2.5,219.9386538294841,-3.9386538294841102,-0.26558101772722525
9.628180039138943,217.5268548874414,229,2.5,216.60727765401617,12.392722345983827,0.8420351043134605
9.667318982387474,214.22553375505024,213,2.5,213.32777183967409,-0.3277718396740852,-0.022441296306668544
9.706457925636007,210.9754942417509,196,2.5,210.0993287519479,-14.099328751947894,-0.9727161008850689
9.74559686888454,207.7759397560123,173,2.5,206.92115333140006,-33.92115333140006,-2.35813228818087
9.784735812133071,204.62608608028955,196,2.5,203.7924628978672,-7.79246289786721,-0.5458592626116395
9.823874755381604,201.5251611788109,205,2.5,200.71248695771152,4.287513042288481,0.30263437628380746
9.863013698630136,198.47240500835025,175,2.5,197.68046701407502,-22.68046701407502,-1.6131327696836677
9.902152641878669,195.46706933193943,212,2.5,194.69565638008478,17.304343619915215,1.2401579429697416
9.9412915851272,192.50841753547263,199,2.5,191.75731999497032,7.242680005029683,0.5230260524091309
9.980430528375733,189.59572444716187,201,2.5,188.8647342430405,12.135265756959512,0.8830267410512572
10.019569471624266,186.7282761597948,181,2.5,186.0171867754823,-5.017186775482287,-0.3678609879175231
10.0587084148728,183.9053698557556,177,2.5,183.2139763349316,-6.213976334931601,-0.45908203148045224
10.09784735812133,181.1263136347624,180,2.5,180.45441258277785,-0.4544125827778487,-0.03382724239907121
10.136986301369864,178.39042634428057,194,2.5,177.73781592915424,16.262184070845763,1.2198009097354305
10.176125244618394,175.6970374125719,197,2.5,175.06351736557986,21.936482634420145,1.6579413668215592
10.215264187866929,173.04548668433503,189,2.5,172.4308583002015,16.569141699798507,1.2618057933948745
10.25440313111546,170.43512425890034,170,2.5,169.83919039560772,0.1608096043922842,0.012339371170023367
10.293542074363993,167.86531033093854,149,2.5,167.28787540916196,-18.287875409161956,-1.4139401328427272
10.332681017612524,165.33541503364182,187,2.5,164.7762850358257,22.22371496417429,1.7312879434787456
10.371819960861057,162.84481828434332,149,2.5,162.30380075342669,-13.303800753426685,-1.0442665982579509
10.410958904109588,160.39290963253302,148,2.5,159.8698136703384,-11.869813670338402,-0.9387731659504677
10.45009784735812,157.97908811023478,181,2.5,157.47372437552877,23.526275624471225,1.8747749034367764
10.489236790606654,155.60276208470864,148,2.5,155.1149427909459,-7.114942790945889,-0.5712741777614421
10.528375733855183,153.26334911343943,161,2.5,152.79288802620133,8.207111973798675,0.6639552187574876
10.567514677103718,150.96027580137945,150,2.5,150.50698823551417,-0.5069882355141715,-0.04132563629485255
10.60665362035225,148.6929776604083,168,2.5,148.25668047688677,19.74331952311323,1.621485383567964
10.645792563600782,146.460898970975,162,2.5,146.04141057346868,15.958589426531319,1.320554994405682
10.684931506849315,144.2634926458906,153,2.5,143.8606329770819,9.139367022918094,0.7619827414003791
10.724070450097846,142.10022009623577,144,2.5,141.71381063387028,2.286189366129719,0.19204637423357196
10.76320939334638,139.970551099351,132,2.5,139.60041485204027,-7.600414852040274,-0.6432709563945366
10.80234833659491,137.87396366887896,147,2.5,137.51992517166232,9.480074828337678,0.8084049268082192
10.841487279843443,135.80994392682345,120,2.5,135.47182923649814,-15.471829236498138,-1.329282128512577
10.880626223091976,133.77798597759738,144,2.5,133.45562266782437,10.544377332175628,0.912751385509116
10.919765166340508,131.77759178402698,142,2.5,131.47080894022076,10.529191059779237,0.9182910229813226
10.95890410958904,129.80827104528103,132,2.5,129.5168992592918,2.4831007407082097,0.21818813003383833
10.998043052837572,127.86954107669786,148,2.5,127.59341244129347,20.406587558706534,1.8065761007596464
11.037181996086105,125.96092669147797,100,2.5,125.69987479463302,-25.69987479463302,-2.2922584638551236
11.076320939334638,124.08196008421456,130,2.5,123.83582000321435,6.1641799967856485,0.5539265347920215
11.11545988258317,122.23218071623404,130,2.5,122.00078901159975,7.99921098840025,0.7242121927383907
11.154598825831702,120.41113520271637,95,2.5,120.19432991195971,-25.194329911959713,-2.2980571332244497
11.193737769080236,118.61837720156969,122,2.5,118.41599783278238,3.584002167217619,0.3293540999797226
11.232876712328766,116.85346730403135,123,2.5,116.66535482931742,6.3346451706825775,0.5864774796740415
11.2720156555773,115.11597292696727,112,2.5,114.9419697757231,-2.941969775723095,-0.27440933982942656
11.311154598825832,113.40546820684536,119,2.5,113.24541825889575,5.754581741104246,0.5407586103589567
11.350293542074365,111.7215338953554,124,2.5,111.57528247394934,12.424717526050657,1.1762578272417068
11.389432485322896,110.06375725664988,123,2.5,109.93115112132493,13.06884887867507,1.2464559878024917
11.428571428571429,108.4317319661825,111,2.5,108.31261930550055,2.6873806944994527,0.2582198733367367
11.46771037181996,106.82505801111635,100,2.5,106.71928843527895,-6.719288435278955,-0.6504318865050233
11.506849315068491,105.2433415922802,95,2.5,105.15076612562748,-10.150766125627484,-0.9899029102894982
11.545988258317024,103.68619502764784,99,2.5,103.6066661010467,-4.606666101046699,-0.4525774232870078
11.585127201565555,102.1532366573157,96,2.5,102.08660810044356,-6.086608100443556,-0.602408307685261
11.62426614481409,100.64409074995788,88,2.5,100.59021778348523,-12.59021778348523,-1.255322659743363
11.66340508806262,99.15838741073328,102,2.5,99.11712663841206,2.88287336158794,0.28956843131132287
11.702544031311154,97.6957624906234,114,2.5,97.66697189128391,16.333028108716093,1.6526955131344911
11.741682974559687,96.25585749717924,84,2.5,96.23939641664256,-12.239396416642563,-1.2476235271524216
11.780821917808218,94.83831950665343,76,2.5,94.83404864956212,-18.83404864956212,-1.934022587803061
11.819960861056751,93.44280107749812,97,2.5,93.45058249907075,3.549417500929252,0.3671690619268325
11.859099804305282,92.0689601652066,90,2.5,92.08865726291977,-2.0886572629197673,-0.21765272567014518
11.898238747553815,90.71646003847688,98,2.5,90.74793754367954,7.252062456320459,0.7612777800837343
11.937377690802348,89.38496919667867,83,2.5,89.42809316614265,-6.428093166142645,-0.6797436783647127
11.97651663405088,88.07416128860176,80,2.5,88.12879909601223,-8.12879909601223,-0.8658994503732697
12.015655577299412,86.78371503246628,102,2.5,86.84973535985681,15.150264640143192,1.6256833931479489
12.054794520547944,85.51331413717644,92,2.5,85.59058696631143,6.4094130336885655,0.692795817017269
12.093933463796477,84.26264722479644,88,2.5,84.3510438285053,3.648956171494703,0.39730443806520976
12.13307240704501,83.03140775423124,76,2.5,83.13080068769807,-7.13080068769807,-0.7820910499220408
12.17221135029354,81.81929394609291,76,2.5,81.92955703810438,-5.929557038104377,-0.655091474731133
12.211350293542074,80.62600870873347,89,2.5,80.74701705288912,8.25298294711088,0.9184334738197711
12.250489236790608,79.4512595654274,78,2.5,79.58288951131506,-1.5828895113150594,-0.17743559597497222
12.289628180039138,78.29475858268496,86,2.5,78.43688772702504,7.563112272974962,0.8539655889994109
12.32876712328767,77.15622229967879,79,2.5,77.3087294774397,1.691270522560302,0.1923529324424879
12.367906066536204,76.03537165876753,76,2.5,76.19813693425628,-0.19813693425628287,-0.022698296382802484
12.407045009784737,74.93193193709776,62,2.5,75.10483659502835,-13.104836595028345,-1.512159691746003
12.446183953033268,73.84563267926907,67,2.5,74.02855921581083,-7.02855921581083,-0.8168957933338997
12.4853228962818,72.77620763104501,72,2.5,72.96903974485426,-0.9690397448542569,-0.11344158199715614
12.524461839530332,71.7233946740932,67,2.5,71.92601725733147,-4.926017257331466,-0.5808351929909806
12.563600782778863,70.68693576174006,59,2.5,70.89923489107991,-11.899234891079914,-1.4131825409136005
12.602739726027396,69.66657685572274,53,2.5,69.88843978334546,-16.88843978334546,-2.0201650675953204
12.641878669275927,68.66206786392368,61,2.5,68.89338300851034,-7.893383008510341,-0.9509866510729708
12.68101761252446,67.67316257907297,65,2.5,67.91381951679078,-2.913819516790781,-0.35357664436474023
12.720156555772991,66.69961861840193,77,2.5,66.94950807388972,10.050491926110283,1.2283259412242078
12.759295499021526,65.74119736423481,66,2.5,66.00021120158834,-0.00021120158834264657,-2.5997076810697182e-05
12.798434442270056,64.79766390550321,61,2.5,65.06569511926344,-4.065695119263438,-0.5040327678817621
12.83757338551859,63.86878698016865,58,2.5,64.14572968631411,-6.145729686314112,-0.7673430773408285
12.876712328767123,62.9543389185399,56,2.5,63.24008834548676,-7.240088345486761,-0.9104322466520025
12.915851272015654,62.05409558747068,66,2.5,62.348548067080685,3.651451932919315,0.4624368304438659
12.954990215264187,61.16783633542392,57,2.5,61.47088929402351,-4.470889294023507,-0.570241956621268
12.99412915851272,60.295343938390005,43,2.5,60.60689588780146,-17.606895887801457,-2.2616311416568453
13.033268101761252,59.43640454664432,64,2.5,59.75635507523155,4.2436449247684465,0.5489679483236519
13.072407045009784,58.59080763233237,41,2.5,58.919057396062456,-17.919057396062456,-2.3344644536565826
13.111545988258316,57.7583459378692,71,2.5,58.09479665139146,12.905203348608538,1.6931531160369722
13.150684931506849,56.93881542513967,49,2.5,57.283369852884405,-8.283369852884405,-1.0944420571788755
13.189823874755382,56.132015225488665,45,2.5,56.48457717278628,-11.484577172786281,-1.528093996079549
13.228962818003913,55.337747590487645,49,2.5,55.69822189471032,-6.698221894710322,-0.897509108936676
13.268101761252446,54.55581784346592,56,2.5,54.92411036519301,1.075889634806991,0.1451731191080419
13.307240704500977,53.786034331795335,56,2.5,54.16205194600388,1.8379480539961222,0.24973860302599588
13.34637964774951,53.02820837991544,59,2.5,53.41185896719738,5.588141032802618,0.764625031604447
13.385518590998045,52.28215424308889,47,2.5,52.67334668089599,-5.673346680895989,-0.7817067577475564
13.424657534246574,51.54768906187517,51,2.5,51.94633321579308,-0.9463332157930822,-0.1313005772272685
13.463796477495109,50.82463281731098,58,2.5,51.23063953236339,6.769360467636609,0.9457639419533228
13.50293542074364,50.11280828678761,57,2.5,50.52608937877231,6.473910621227688,0.9107702922629392
13.542074363992173,49.41204100061307,43,2.5,49.832509247470234,-6.8325092474702345,-0.9678852023804804
13.581213307240704,48.72215919924916,45,2.5,49.149728332463575,-4.1497283324635745,-0.5919146720196686
13.620352250489235,48.042993791213085,53,2.5,48.4775784872508,4.522421512749197,0.6495320407954304
13.659491193737768,47.374378311632526,52,2.5,47.81589418341349,4.184105816586509,0.605085183282724
13.6986301369863,46.71614888144487,57,2.5,47.16451246985223,9.835487530147773,1.4321490436307713
13.737769080234832,46.06814416723014,37,2.5,46.523272932656944,-9.523272932656944,-1.3962111477664094
13.776908023483363,45.43020534166771,49,2.5,45.89201765560238,3.1079823443976196,0.4587857995301086
13.816046966731898,44.802176044607535,36,2.5,45.270591181258304,-9.270591181258304,-1.377841771093976
13.85518590998043,44.183902344745896,53,2.5,44.65884047270576,8.341159527294238,1.2481670278865595
13.894324853228962,43.57523270189639,46,2.5,44.05661487584885,1.943385124151149,0.29278802603229076
13.933463796477492,42.97601792984735,39,2.5,43.46376608231374,-4.4637660823137395,-0.6770765155999248
13.972602739726026,42.386111159795774,50,2.5,42.88014809292488,7.119851907075123,1.0872835616811352
14.01174168297456,41.80536780434955,44,2.5,42.30561718175073,1.6943828182492666,0.26050287534228245
14.05088062622309,41.23364552208889,50,2.5,41.74003186070835,8.25996813929165,1.2785036847274114
14.090019569471623,40.67080418267791,43,2.5,41.18325284471967,1.816747155280332,0.28309628203398896
14.129158512720156,40.116705832518655,38,2.5,40.635143017410186,-2.6351430174101864,-0.4133836488780784
14.168297455968688,39.57121466093821,44,2.5,40.095567397341696,3.9044326026583036,0.6166088429136687
14.20743639921722,39.03419696690119,37,2.5,39.56439310477069,-2.564393104770687,-0.4076921471956047
14.246575342465754,38.50552112623954,39,2.5,39.041489328924634,-0.04148932892463364,-0.006640078628236146
14.285714285714285,37.98505755939094,36,2.5,38.526727295787445,-2.5267272957874454,-0.40707770045008684
14.324853228962818,37.47267869963868,31,2.5,38.0199802363867,-7.019980236386701,-1.1384919025195497
14.363992172211349,36.96825896184487,31,2.5,37.521123355574645,-6.521123355574645,-1.0645951893025303
14.403131115459882,36.47167471166908,34,2.5,37.03003380129515,-3.030033801295147,-0.49793243748362404
14.442270058708417,35.9828042352655,40,2.5,36.54659063432939,3.453409365670609,0.5712479152882953
14.481409001956946,35.501527709450485,41,2.5,36.07067479851257,4.92932520148743,0.8207489526721198
14.52054794520548,35.02772717233361,26,2.5,35.60216909141398,-9.602169091413977,-1.6092781705787045
14.55968688845401,34.56128649440515,39,2.5,35.14095813547433,3.859041864525672,0.6509875617886053
14.598825831702545,34.102091350072286,32,2.5,34.68692834959155,-2.686928349591547,-0.45621878540350147
14.637964774951076,33.650029189637735,35,2.5,34.23996792115003,0.7600320788499673,0.12988686914165284
14.677103718199607,33.20498921171368,32,2.5,33.7999667784844,-1.7999667784843965,-0.3096038501473407
14.71624266144814,32.76686233606394,44,2.5,33.366816563772744,10.633183436227256,1.840797090334255
14.755381604696671,32.33554117686833,27,2.5,32.940410606351605,-5.940410606351605,-1.0350276710330377
14.794520547945204,31.91092001640209,30,2.5,32.52064389644636,-2.5206438964463587,-0.4420098293069235
14.833659491193735,31.492894779124228,25,2.5,32.107413059310936,-7.107413059310936,-1.254321591985664
14.87279843444227,31.08136300616848,26,2.5,31.700616329769918,-5.700616329769918,-1.0124835119661013
14.9119373776908,30.676223830230303,27,2.5,31.300153527157242,-4.300153527157242,-0.7686183125943404
14.951076320939334,30.27737795084418,24,2.5,30.905926030644686,-6.905926030644686,-1.2422272214507006
14.990215264187864,29.884727610044862,29,2.5,30.517836754955248,-1.5178367549552476,-0.27475663726430205
15.029354207436398,29.49817656840661,17,2.5,30.135790126453806,-13.135790126453806,-2.39284688545579
15.068493150684931,29.117630081454784,29,2.5,29.759692059610817,-0.759692059610817,-0.13925903154864067
15.107632093933464,28.742994876443788,24,2.5,29.389449933831905,-5.389449933831905,-0.994142666004297
15.146771037181995,28.374179129495587,19,2.5,29.02497257064857,-10.024972570648568,-1.8607896596235705
15.185909980430528,28.01109244309368,25,2.5,28.66617021126384,-3.6661702112638395,-0.6847432924014768
15.22504892367906,27.6536458239263,29,2.5,28.312954494447748,0.687045505552252,0.12911981866724978
15.264187866927593,27.301751661074057,21,2.5,27.96523843477678,-6.965238434776779,-1.3171241857197076
15.303326810176124,26.955323704536344,21,2.5,27.622936401212254,-6.622936401212254,-1.2601309049964668
15.342465753424657,26.614277044091168,28,2.5,27.285964096012158,0.7140359039878419,0.13669429780041423
15.38160469667319,26.2785280884836,23,2.5,26.954238533971473,-3.9542385339714734,-0.7616392738319043
15.42074363992172,25.94799454493733,24,2.5,26.627678021985584,-2.6276780219855844,-0.509220055830956
15.459882583170254,25.62259539898448,30,2.5,26.306202138931976,3.693797861068024,0.720184962445334
15.499021526418788,25.30225089460889,35,2.5,25.989731715865112,9.010268284134888,1.7674080316743352
15.538160469667318,24.986882514697665,32,2.5,25.678188816519864,6.321811183480136,1.2475539236447208
15.57729941291585,24.676412961796498,21,2.5,25.37149671811809,-4.371496718118092,-0.8678748690131018
15.616438356164382,24.370766139163955,19,2.5,25.069579892474657,-6.069579892474657,-1.2122302136748342
15.655577299412917,24.069867132119874,23,2.5,24.772363987397114,-1.7723639873971138,-0.356097718135673
15.694716242661448,23.77364218968375,30,2.5,24.47977580837533,5.520224191624671,1.1157142961673516
15.73385518590998,23.482018706498163,24,2.5,24.191743300555952,-0.19174330055595235,-0.03898401953708144
15.772994129158512,23.194925205033,19,2.5,23.90819553099774,-4.908195530997741,-1.0038029234270631
15.812133072407043,22.912291318066263,32,2.5,23.629062671203144,8.370937328796856,1.722070168078328
15.851272015655576,22.63404777143684,27,2.5,23.354275979921788,3.6457240200782124,0.7543980994807852
15.89041095890411,22.360126367065263,22,2.5,23.083767786221774,-1.0837677862217738,-0.22557080506024882
15.92954990215264,22.090459966238285,23,2.5,22.81747147282457,0.18252852717543178,0.03821175560069906
15.968688845401172,21.82498247315294,16,2.5,22.55532145969931,-6.555321459699311,-1.380287270984912
16.007827788649706,21.563628818716413,32,2.5,22.297253187912656,9.702746812087344,2.054797440934353
16.046966731898237,21.306334944597435,32,2.5,22.043203103730065,9.956796896269935,2.120714946099624
16.08610567514677,21.05303778752541,22,2.5,21.79310864296448,0.20689135703551997,0.044318265639242196
16.125244618395303,20.80367526383351,17,2.5,21.54690821556891,-4.546908215568909,-0.9795434540660481
16.164383561643834,20.558186254241885,18,2.5,21.30454119046888,-3.3045411904688784,-0.715937443753641
16.203522504892366,20.316510588877108,20,2.5,21.065947880630876,-1.0659478806308762,-0.23224451599521356
16.2426614481409,20.078589032524437,20,2.5,20.83106952836341,-0.8310695283634111,-0.1820881043716301
16.28180039138943,19.84436327010924,23,2.5,20.599848290847056,2.4001517091529436,0.5288185518586687
16.320939334637963,19.613775892403687,17,2.5,20.372227225889482,-3.372227225889482,-0.7471324073317308
16.360078277886497,19.386770381955717,17,2.5,20.148150277902545,-3.1481502779025448,-0.7013549470137075
16.39921722113503,19.16329109923653,21,2.5,19.927562264097716,1.0724377359022839,0.24023982328333673
16.43835616438356,18.94328326900312,23,2.5,19.710408860896266,3.2895911391037345,0.7409588789919244
16.477495107632095,18.726692966872797,26,2.5,19.496636590551127,6.503363409448873,1.4728488324714883
16.516634050880626,18.513467106106244,20,2.5,19.286192807977258,0.7138071920227418,0.16253903137715123
16.555772994129157,18.30355342459579,10,2.5,19.079025687786668,-9.079025687786668,-2.0785532185342275
16.594911937377688,18.096900472055868,12,2.5,18.8750842115257,-6.875084211525699,-1.5824630317429214
16.634050880626223,17.893457597412443,20,2.5,18.674318155110733,1.3256818448892673,0.3067728576410263
16.673189823874754,17.693174936388402,25,2.5,18.47667807645978,6.52332192354022,1.5175984184820852
16.712328767123285,17.496003399281573,20,2.5,18.282115303316377,1.7178846966836225,0.4017730381105128
16.75146771037182,17.301894658932824,19,2.5,18.09058192126331,0.9094180787366888,0.213814579294454
16.79060665362035,17.110801138881,15,2.5,17.902030761922866,-2.902030761922866,-0.6858843004311264
16.829745596868882,16.922676001701745,19,2.5,17.716415391340735,1.2835846086592646,0.3049555724468882
16.868884540117417,16.737473137527612,19,2.5,17.5336900985509,1.466309901449101,0.35017819843041476
16.908023483365948,16.55514715274646,25,2.5,17.35380988431858,7.646190115681421,1.8354716227545838
16.94716242661448,16.375653358875304,19,2.5,17.176730450058294,1.8232695499417062,0.43992701179398414
16.986301369863014,16.198947761607112,17,2.5,17.002408186924647,-0.002408186924647282,-0.0005840297561790318
17.025440313111545,16.02498705002777,16,2.5,16.830800165072915,-0.8308001650729153,-0.20250893624350608
17.064579256360076,15.85372858600038,15,2.5,16.661864123086758,-1.6618641230867581,-0.40713057443604433
17.10371819960861,15.685130393714608,14,2.5,16.495558457570667,-2.4955584575706666,-0.6144467280367645
17.142857142857142,15.519151149398368,15,2.5,16.331842212904466,-1.3318422129044656,-0.3295605265588438
17.181996086105674,15.3557501711892,9,2.5,16.170675071157213,-7.170675071157213,-1.7831832179013243
17.22113502935421,15.1948874091631,17,2.5,16.01201734215822,0.9879826578417799,0.24690295944750174
17.26027397260274,15.036523435518244,11,2.5,15.855829953722747,-4.855829953722747,-1.219463988872354
17.29941291585127,14.880619434911054,20,2.5,15.702074442029698,4.297925557970302,1.084626904535134
17.338551859099802,14.727137194942546,17,2.5,15.550712942149342,1.4492870578506576,0.36751854769047226
17.377690802348337,14.576039096792355,12,2.5,15.401708178718351,-3.4017081787183514,-0.8667874386870941
17.416829745596868,14.427288105998334,12,2.5,15.255023456760181,-3.2550234567601812,-0.8333888442660464
17.4559686888454,14.280847763379256,20,2.5,15.110622652648217,4.8893773473517825,1.2578022750001197
17.495107632093934,14.136682176098628,15,2.5,14.968470205209758,0.03152979479024154,0.008149527612237488
17.534246575342465,13.994756008867334,22,2.5,14.828531106968502,7.1714688930314985,1.8623403489557937
17.573385518590996,13.855034475282777,11,2.5,14.690770895523293,-3.6907708955232934,-0.962930170589404
17.61252446183953,13.717483329302713,13,2.5,14.55515564506117,-1.5551556450611699,-0.4076293385477474
17.651663405088062,13.582068856851514,19,2.5,14.421651958002624,4.578348041997376,1.205594613953993
17.690802348336593,13.448757867556704,13,2.5,14.290226956776763,-1.2902269567767632,-0.3413080631170941
17.729941291585128,13.317517686613945,18,2.5,14.160848275724742,3.8391517242752577,1.0202125016876542
17.76908023483366,13.188316146778432,14,2.5,14.033484053129136,-0.03348405312913627,-0.008938307051871658
17.80821917808219,13.06112158048056,14,2.5,13.908102923367405,0.09189707663259483,0.024641534446422978
17.84735812133072,12.935902812064166,19,2.5,13.784674009187617,5.215325990812383,1.4046987946032383
17.886497064579256,12.812629150145307,13,2.5,13.663166914104393,-0.6631669141043925,-0.17941021385500244
17.925636007827787,12.691270380089778,10,2.5,13.543551714913233,-3.5435517149132334,-0.9628807183828333
17.96477495107632,12.57179675660736,10,2.5,13.425798954321435,-3.4257989543214347,-0.9349573556353034
18.003913894324853,12.45417899646124,13,2.5,13.309879633693688,-0.3098796336936882,-0.08493877043897805
18.043052837573384,12.33838827129064,9,2.5,13.195765205910742,-4.195765205910742,-1.1550316568533092
18.082191780821915,12.22439620054488,17,2.5,13.083427568339093,3.9165724316609065,1.0827928901074932
18.12133072407045,12.112174844527264,8,2.5,12.972839055910303,-4.972839055910303,-1.3806604634928656
18.16046966731898,12.001696697547043,7,2.5,12.863972434307982,-5.863972434307982,-1.6349496012484181
18.199608610567516,11.89293468117764,8,2.5,12.756800893260834,-4.756800893260834,-1.3318155607877227
18.238747553816047,11.785862137619706,25,2.5,12.651298039940245,12.348701960059755,3.4717925383046158
18.27788649706458,11.680452823167272,13,2.5,12.547437892460504,0.4525621075394959,0.12776169381182104
18.31702544031311,11.576680901775294,15,2.5,12.445194873480396,2.5548051265196037,0.724197344899048
18.356164383561644,11.474520938727215,11,2.5,12.344543803904287,-1.344543803904287,-0.38268146962386745
18.395303326810176,11.373947894400889,11,2.5,12.245459896681407,-1.2454598966814068,-0.3559116449860146
18.434442270058707,11.274937118131271,6,2.5,12.147918750701532,-6.147918750701532,-1.7639130775155496
18.47358121330724,11.177464342168507,11,2.5,12.051896344785842,-1.0518963447858418,-0.3030018304522496
18.512720156555773,11.081505675729884,9,2.5,11.957369031771307,-2.9573690317713073,-0.85523940842594
18.551859099804304,10.987037599144092,10,2.5,11.864313532687127,-1.8643135326871274,-0.541249669921972
18.590998043052835,10.894036958086552,13,2.5,11.77270693102191,1.2272930689780903,0.35769273150693004
18.63013698630137,10.802480957904212,11,2.5,11.68252666708007,-0.6825266670800705,-0.19968766279488132
18.6692759295499,10.71234715802856,7,2.5,11.59375053242616,-4.59375053242616,-1.3491350683581707
18.708414872798432,10.62361346647536,5,2.5,11.506356664415616,-6.506356664415616,-1.9180898659475383
18.747553816046967,10.536258134429866,11,2.5,11.420323540810708,-0.420323540810708,-0.12437826949586527
18.786692759295494,10.450259750916189,3,2.5,11.335629974480376,-8.335629974480376,-2.475800220196608
18.82583170254403,10.365597237549348,10,2.5,11.252255108182444,-1.2522551081824442,-0.37331292543793404
18.864970645792564,10.282249843368952,14,2.5,11.170178409427262,2.829821590572738,0.8466989104897288
18.90410958904109,10.200197139753122,14,2.5,11.08937966542118,2.9106203345788195,0.8740412568181261
18.943248532289623,10.119419015411331,13,2.5,11.00983897808877,1.9901610219112307,0.5997879446687556
18.98238747553816,10.039895671455133,9,2.5,10.931536759172644,-1.9315367591726442,-0.5842010966481583
19.02152641878669,9.961607616545397,10,2.5,10.854453725409513,-0.8544537254095133,-0.2593489905110186
19.060665362035223,9.884535662114937,12,2.5,10.778570893781271,1.2214291062187286,0.3720383191530377
19.099804305283755,9.808660917665351,9,2.5,10.703869576840205,-1.703869576840205,-0.5207939664416777
19.13894324853229,9.73396478613693,13,2.5,10.630331378106803,2.3696686218931973,0.7267988247525278
19.17808219178082,9.660428959350494,4,2.5,10.557938187539378,-6.557938187539378,-2.0182630130496038
19.21722113502935,9.588035413519966,9,2.5,10.486672177074102,-1.4866721770741016,-0.4590884512189923
19.256360078277886,9.516766404834758,6,2.5,10.41651579623457,-4.41651579623457,-1.3684172799800642
19.295499021526417,9.446604465110704,8,2.5,10.347451767809709,-2.3474517678097087,-0.7297598613598543
19.33463796477495,9.377532397508569,9,2.5,10.279463083598918,-1.2794630835989178,-0.3990639933056222
19.373776908023483,9.309533272319058,13,2.5,10.212533000223546,2.787466999776454,0.8722540570340961
19.41291585127201,9.242590422813358,11,2.5,10.146645035003562,0.8533549649964378,0.2678973920936688
19.452054794520546,9.176687441158018,9,2.5,10.081782961898355,-1.0817829618983552,-0.34069947559659847
19.49119373776908,9.111808174393392,11,2.5,10.01793080751085,0.9820691924891491,0.31027949330862326
19.53033268101761,9.047936720474532,5,2.5,9.955072847153774,-4.955072847153774,-1.5704634106921935
19.569471624266143,8.985057424373517,7,2.5,9.893193600977146,-2.8931936009771455,-0.9198335413950832
19.60861056751468,8.923154874242405,13,2.5,9.832277830156125,3.1677221698438753,1.0102294228434616
19.64774951076321,8.862213897635758,12,2.5,9.77231053313823,2.2276894668617704,0.7126167429198076
19.68688845401174,8.802219557791823,9,2.5,9.713276941948857,-0.7132769419488572,-0.22886284857678657
19.726027397260275,8.743157149971509,7,2.5,9.655162518554482,-2.655162518554482,-0.8544985194513873
19.76516634050881,8.68501219785425,7,2.5,9.59795295128241,-2.5979529512824104,-0.8385751207771113
19.804305283757337,8.627770449989782,9,2.5,9.541634151296284,-0.5416341512962841,-0.17534551400707757
19.843444227005868,8.571417876305112,7,2.5,9.486192249126423,-2.4861922491264234,-0.8072141146786144
19.882583170254403,8.515940664665715,9,2.5,9.43161359125428,-0.4316135912542798,-0.14054069992536036
19.92172211350293,8.461325217490149,11,2.5,9.377884736750023,1.6221152632499773,0.5296991371903055
19.960861056751465,8.407558148417252,10,2.5,9.324992453962436,0.6750075460375644,0.22104687696161152
20.0,8.35462627902512,6,2.5,9.272923717260436,-3.2729237172604364,-1.074799707748453
